{"0.68": 153.80226627815108, "0.9": 247.83079411668203, "0.95": 299.3629597975091, "0.99": 412.8501119138137, "0.999": 567.1888801581944, "0.9999": 716.4965459876049, "0.99999": 862.8152560106449}