{"0.68": 1.2970480679917522, "0.9": 1.972852160725025, "0.95": 2.33499510440139, "0.99": 3.120331127868918, "0.999": 4.171413928023371, "0.9999": 5.176792491618828, "0.99999": 6.154840378127423}