{"0.68": 0.18253154154176687, "0.9": 0.23811348920483438, "0.95": 0.26608911681183206, "0.99": 0.32404093551779506, "0.999": 0.39775952595272196, "0.9999": 0.4656065673983675, "0.99999": 0.5298851235622417}